{
    "$schema": "http://qt.io/schema/extension-schema-v1#",
    "title": "Qt Advanced Stylesheets",
    "extensionType": [
        "library"
    ],
    "version": "1.0.2",
    "vendor": {
        "name": "githubuser0xFFFF",
        "url": "https://github.com/githubuser0xFFFF/Qt-Advanced-Stylesheets"
    },
    "contact": "https://github.com/githubuser0xFFFF/Qt-Advanced-Stylesheets/issues",
    "icon": "https://raw.githubusercontent.com/githubuser0xFFFF/Qt-Advanced-Stylesheets/master/doc/ass_icon.svg",
    "licenses": [
      { "licenseType": "LGPL-2.1-only",
        "licenseUrl": "https://www.gnu.org/licenses/old-licenses/lgpl-2.1.html" }
    ],
    "created": "2022-03-02",
    "lastUpdate": "2022-03-02",
    "platforms": [
        "Windows 7-11", "Ubuntu 20.04"
    ],
    "qtVersions": [
        "5.12.2 or newer"
    ],
    "tags": [
        "Widgets", "Stylesheets", "CSS"],
    "bugUrl": "https://github.com/githubuser0xFFFF/Qt-Advanced-Stylesheets/issues",
    "sourceRepoUrl": "https://github.com/githubuser0xFFFF/Qt-Advanced-Stylesheets"
}
